label,sourceLen,tokens,descriptors,duplicateDescriptors,suppressedDescriptors,crfSize,yieldCount,matched,oraclePruned
testIf#1,13,5,91,0,16,44,51,true,4
testImports#1,17,2,53,0,3,27,26,true,5
testTernary#1,17,9,242,0,84,98,113,true,6
testIf#2,21,7,141,0,43,63,90,true,26
testStructParsing#1,13,4,53,0,1,29,32,true,4
testSequence#1,40,19,465,0,112,182,291,true,50
testIf#3,12,5,91,0,16,44,51,true,4
testFuncParsing#1,13,6,65,0,2,35,44,true,4
testClosureLiterals#1,51,17,507,0,127,223,285,true,130
testIf#4,51,14,363,0,136,149,242,true,73
testFuncParsing#2,51,14,187,0,15,82,125,true,34
testClosureLiterals#2,49,15,371,0,72,166,193,true,69
testDo#1,7,3,44,0,1,23,22,true,4
testFuncParsing#3,326,91,1078,0,80,503,776,true,187
testClosureLiterals#3,96,43,841,0,259,338,608,true,242
testDoCatch#1,18,6,101,0,15,51,59,true,29
testFuncParsing#4,46,18,312,0,41,145,207,true,34
testTrailingClosures#1,69,19,464,0,159,189,339,true,102
testDoCatch#2,52,16,338,0,78,142,201,true,76
testFuncParsing#5,45,18,312,0,41,145,207,true,34
testTrailingClosures#2,30,7,202,0,67,92,123,true,58
testReturn#1,12,2,92,0,18,40,44,true,13
testFuncParsing#6,28,10,118,0,7,61,81,true,10
testSequenceExpressions#1,9,4,94,0,30,37,52,true,15
testReturn#2,12,4,136,0,30,62,76,true,13
testClassParsing#1,12,4,108,0,1,67,43,true,14
testSequenceExpressions#2,86,16,502,0,147,211,267,true,121
testReturn#3,6,1,42,0,1,21,18,true,4
testClassParsing#2,96,23,566,1,79,246,377,true,195
testNestedTypeSpecialization#1,25,11,364,1,106,138,266,true,185
testReturn#4,59,11,274,0,90,112,168,true,60
testClassParsing#3,44,11,116,0,9,59,86,true,15
testObjectLiterals#1,134,55,1166,0,407,455,867,true,497
testReturn#5,23,6,168,0,42,73,93,true,15
testActorParsing#1,12,4,81,0,19,39,52,true,24
testObjectLiterals#2,157,25,585,0,213,243,393,true,172
testReturn#6,79,17,451,0,66,218,220,true,60
testActorParsing#2,166,42,691,0,150,325,463,true,142
testKeypathExpression#1,7,5,97,0,29,38,78,true,35
testSwitch#1,33,12,291,0,65,139,157,true,38
testProtocolParsing#1,15,4,53,0,1,29,32,true,4
testKeypathExpression#2,53,12,239,0,89,91,199,true,96
testSwitch#3,97,26,775,0,90,395,344,true,120
testProtocolParsing#2,21,7,93,0,4,53,66,true,14
testKeypathExpression#3,20,13,215,0,51,92,128,true,13
testMissingIfClauseIntroducer#1,12,6,155,0,57,68,109,true,28
testVariableDeclarations#1,20,7,211,0,44,87,112,true,25
testKeypathExpression#4,30,9,137,0,26,57,87,true,13
testIfHasSymbol#1,22,8,187,0,74,76,135,true,53
testVariableDeclarations#2,160,34,1062,0,300,471,637,true,271
testKeypathExpression#5,6,6,117,0,32,49,93,true,38
testIfHasSymbol#2,34,14,302,1,88,116,208,true,100
testVariableDeclarations#3,36,9,223,0,37,106,125,true,62
testKeypathExpression#6,17,5,110,0,31,51,70,true,1
testIdentifierPattern#1,34,13,364,0,86,165,192,true,64
testVariableDeclarations#4,43,10,300,0,81,133,165,true,95
testKeypathExpression#7,7,7,111,0,22,50,70,true,8
testCaseContext#1,90,23,690,11,234,234,626,true,432
testVariableDeclarations#5,20,6,129,0,58,52,94,true,34
testKeypathExpression#8,21,4,69,0,17,32,45,true,2
testCaseContext#2,49,15,498,9,176,184,402,true,263
testVariableDeclarations#6,34,13,410,0,121,156,274,true,162
testKeypathExpression#9,21,9,143,0,24,63,89,true,12
testHangingYieldArgument#1,18,5,180,0,64,75,105,true,21
testVariableDeclarations#7,22,6,230,0,42,108,109,true,32
testKeypathExpression#10,12,4,69,0,17,32,45,true,2
testYield#1,41,12,330,0,76,143,206,true,119
testVariableDeclarations#8,50,16,341,0,86,143,217,true,93
testKeypathExpression#11,9,7,140,0,44,60,107,true,27
testYield#2,466,100,2817,0,783,1157,1688,true,828
testVariableDeclarations#9,124,21,652,0,159,285,410,true,211
testKeypathExpression#12,17,10,246,0,94,85,279,true,148
testYield#3,41,12,291,0,71,125,194,true,106
testVariableDeclarations#10,99,28,709,1,114,307,427,true,212
testKeypathExpression#13,74,20,396,0,145,150,290,true,103
testYield#4,39,12,292,0,71,125,194,true,107
testVariableDeclarations#11,51,13,377,0,58,180,203,true,86
testKeyPathMethodAndInitializers#4,15,8,140,0,43,59,103,true,51
testYield#5,9,5,123,0,46,52,74,true,15
testTypealias#1,19,4,78,0,4,38,41,true,7
testKeyPathMethodAndInitializers#5,17,8,152,0,46,63,107,true,55
testYield#6,31,11,216,0,38,101,131,true,23
testTypealias#2,75,26,347,0,17,158,198,true,44
testKeyPathMethodAndInitializers#9,21,12,248,0,92,100,160,true,50
testYield#7,29,11,211,0,38,96,126,true,18
testTypealias#3,48,15,289,0,18,127,200,true,93
testKeyPathMethodAndInitializers#10,52,10,273,0,51,130,171,true,85
testDiscard#1,12,2,100,0,33,43,52,true,24
testPrecedenceGroup#1,127,20,115,0,3,52,102,true,11
testKeyPathMethodAndInitializers#12,20,16,328,0,121,130,219,true,75
testDiscard#2,12,2,100,0,33,43,52,true,24
testPrecedenceGroup#2,94,10,72,0,2,34,54,true,7
testKeyPathMethodAndInitializers#13,36,12,246,0,67,103,155,true,52
testDiscard#3,21,2,109,0,36,46,54,true,24
testOperators#1,36,5,137,0,19,74,64,true,35
testKeyPathMethodAndInitializers#15,24,12,200,0,41,82,148,true,55
testDiscard#4,61,23,321,0,59,153,211,true,35
testOperators#2,274,33,757,0,91,383,425,true,223
testKeyPathMethodAndInitializers#16,18,9,151,0,36,66,93,true,11
testDefaultIdentIdentifierInReturnStmt#1,26,4,113,0,30,47,75,true,35
testObjCAttribute#1,64,16,352,0,51,156,203,true,97
testKeyPathMethodAndInitializers#17,23,12,228,0,84,85,181,true,68
testDefaultAsIdentifierInSubscript#1,26,8,211,0,65,87,115,true,21
testDifferentiableAttribute#1,306,104,2013,0,273,885,1247,true,548
testKeyPathSubscript#1,13,8,149,0,43,63,108,true,26
testTrailingTriviaIncludesNewline#1,23,8,206,0,31,98,124,true,11
testParsePoundError#1,30,5,120,0,45,53,86,true,28
testKeyPathSubscript#2,12,8,149,0,43,63,108,true,26
testTrailingTriviaIncludesNewline#2,26,8,206,0,31,98,124,true,11
testParsePoundWarning#1,32,5,120,0,45,53,86,true,28
testKeyPathFollowedByOperator#2,14,9,159,0,50,55,154,true,77
testTrailingClosureInIfCondition#1,17,7,183,0,88,75,141,true,56
testParseSpecializeAttribute#3,174,40,756,0,119,319,502,true,212
testKeypathExpressionWithSugaredRoot#1,4,4,73,0,18,34,47,true,4
testTrailingClosureInIfCondition#2,17,7,183,0,88,75,141,true,56
testParseRetroactiveExtension#1,43,8,101,0,8,54,72,true,8
testKeypathExpressionWithSugaredRoot#2,7,7,111,0,22,50,70,true,8
testTrailingClosureInIfCondition#3,23,9,255,0,98,112,157,true,54
testParsePreconcurrency#1,36,8,96,0,6,52,70,true,8
testKeypathExpressionWithSugaredRoot#3,5,5,103,0,30,43,85,true,35
testClosureInsideIfCondition#1,17,10,222,0,89,95,143,true,34
testParsePreconcurrency#2,39,8,101,0,8,54,72,true,8
testKeypathExpressionWithSugaredRoot#4,5,5,103,0,30,43,85,true,35
testClosureInsideIfCondition#2,21,10,222,0,89,95,143,true,34
testParseIsolatedConformances#1,31,7,99,0,10,50,71,true,9
testKeypathExpressionWithSugaredRoot#5,6,6,187,0,51,75,125,true,74
testClosureInsideIfCondition#3,19,10,222,0,89,95,143,true,34
testParseIsolatedConformances#2,30,8,101,0,8,54,72,true,8
testKeypathExpressionWithSugaredRoot#6,10,8,258,0,69,102,159,true,97
testClosureInsideIfCondition#4,31,15,394,0,137,168,243,true,62
testParseIsolatedConformances#3,47,9,120,0,12,60,90,true,10
testKeypathExpressionWithSugaredRoot#7,5,5,70,0,17,31,45,true,4
testTypedThrows#1,40,10,186,0,26,83,87,true,22
testParseIsolatedConformances#4,39,9,120,0,12,60,90,true,10
testKeypathExpressionWithSugaredRoot#8,6,6,102,0,21,45,60,true,9
testTypedThrows#2,38,9,155,0,22,70,70,true,10
testEnumParsing#1,71,17,285,0,31,137,167,true,46
testKeypathExpressionWithSugaredRoot#9,9,8,140,0,25,61,82,true,13
testTypedThrows#3,29,6,127,0,19,58,55,true,7
testEnumParsing#2,140,35,510,0,49,224,393,true,126
testKeypathExpressionWithSugaredRoot#10,6,4,68,0,17,31,44,true,4
testForUnsafeStatement#1,31,9,130,0,33,65,91,true,40
testTypedThrows#1,40,13,162,0,12,75,98,true,25
testKeypathExpressionWithSugaredRoot#11,7,4,71,0,17,33,47,true,4
testForUnsafeStatement#2,29,8,124,0,32,62,84,true,34
testTypedThrows#2,43,14,172,0,10,88,119,true,38
testBasicLiterals#1,140,28,823,1,232,370,480,true,121
testForUnsafeStatement#3,19,6,115,0,32,57,75,true,27
testTypedThrows#3,30,10,99,0,5,49,64,true,9
testInitializerExpression#1,39,12,311,0,111,126,192,true,84
testForUnsafeStatement#4,24,8,146,0,35,69,90,true,29
testTypedThrows#4,107,30,302,0,25,147,238,true,63
testCollectionLiterals#1,32,12,438,0,131,169,271,true,157
testAccessors#1,38,11,245,0,40,110,152,true,60
testCollectionLiterals#2,25,11,423,0,107,170,241,true,116
testAccessors#2,55,15,542,0,108,256,316,true,212
testCollectionLiterals#4,43,17,423,1,124,165,304,true,174
testInitAccessor#1,69,19,422,0,97,201,314,true,196
testCollectionLiterals#5,33,16,541,11,223,183,486,true,372
testInitAccessor#2,46,13,165,0,7,89,126,true,24
testCollectionLiterals#6,54,21,695,6,229,259,522,true,366
testInitAccessor#3,89,25,598,0,157,271,436,true,304
testCollectionLiterals#7,54,24,648,1,168,257,408,true,192
testInitializers#1,176,58,676,0,43,365,541,true,141
testCollectionLiterals#8,54,12,317,0,102,126,165,true,39
testDeinitializers#1,9,3,56,0,1,28,35,true,13
testCollectionLiterals#9,90,24,528,0,175,221,302,true,103
testDeinitializers#2,6,1,45,0,1,24,21,true,4
testCollectionLiterals#10,36,12,312,0,97,127,206,true,108
testAttributedMember#1,67,15,289,0,52,129,184,true,63
testInterpolatedStringLiterals#1,59,8,218,0,64,90,123,true,34
testAnyAsParameterLabel#1,37,12,145,0,9,71,95,true,16
testInterpolatedStringLiterals#2,60,19,389,0,160,159,259,true,71
testPublicClass#1,31,7,184,0,20,105,94,true,46
testInterpolatedStringLiterals#3,57,14,401,0,126,173,236,true,86
testReturnVariableNamedAsync#1,144,42,848,0,263,362,539,true,190
testStringLiterals#1,3,1,50,0,15,23,30,true,1
testModifiedParameter#1,35,11,136,0,7,68,96,true,19
testStringLiterals#2,2,1,50,0,15,23,30,true,1
testModifiedParameter#2,40,11,136,0,7,68,96,true,19
testStringLiterals#3,7,1,51,0,15,23,30,true,1
testModifiedParameter#3,52,12,155,0,7,75,114,true,27
testStringLiterals#4,34,2,104,0,29,48,60,true,3
testModifiedParameter#5,33,10,136,2,7,67,98,true,25
testStringLiterals#5,237,5,162,0,39,67,111,true,18
testModifiedParameter#6,38,10,136,2,7,67,98,true,25
testStringLiterals#6,152,14,350,0,128,140,199,true,36
testModifiedParameter#7,50,11,155,2,7,74,116,true,37
testStringLiterals#7,43,9,224,0,81,90,130,true,41
testModifiedParameter#8,113,29,392,4,19,194,275,true,63
testStringLiterals#8,3,1,50,0,15,23,30,true,1
testMacroExpansionDeclaration#1,47,12,177,0,36,84,109,true,31
testStringLiterals#9,5,1,56,0,15,27,30,true,1
testMacroExpansionDeclaration#2,7,2,55,0,17,28,33,true,5
testStringLiterals#10,7,1,56,0,15,27,30,true,1
testAttributedMacroExpansionDeclaration#1,28,4,158,0,25,80,65,true,28
testStringLiterals#11,23,1,56,0,15,27,30,true,1
testAttributedMacroExpansionDeclaration#2,28,3,152,0,19,85,68,true,42
testStringLiterals#12,6,3,105,0,33,45,56,true,4
testAttributedMacroExpansionDeclaration#3,13,2,55,0,17,28,33,true,5
testAdjacentRawStringLiterals#1,32,2,104,0,29,48,60,true,3
testAttributedMacroExpansionDeclaration#4,41,8,187,0,24,98,93,true,28
testAdjacentRawStringLiterals#2,38,2,110,0,29,52,60,true,3
testAttributedMacroExpansionDeclaration#5,41,7,182,0,19,103,96,true,42
testStringBogusClosingDelimiters#1,7,1,56,0,15,27,30,true,1
testAttributedMacroExpansionDeclaration#6,26,6,75,0,3,43,52,true,8
testSubscript#1,7,3,71,0,32,30,46,true,13
testAttributedMacroExpansionDeclaration#7,42,10,219,0,27,112,105,true,31
testSubscript#2,9,4,87,0,33,39,56,true,16
testAttributedMacroExpansionDeclaration#8,42,9,213,0,21,117,108,true,45
testConsumeExpression#1,11,2,105,0,36,42,52,true,22
testAttributedMacroExpansionDeclaration#9,27,8,116,0,19,60,73,true,8
testConsumeExpression#2,16,5,173,0,67,68,95,true,34
testAttributedMacroExpansionDeclaration#10,59,13,341,0,50,154,195,true,95
testConsumeExpression#4,29,9,206,0,64,85,132,true,56
testVariableGetSetNextLine#1,34,11,192,0,22,88,133,true,32
testBorrowExpression#1,10,2,105,0,36,42,52,true,22
testVariableFollowedByReferenceToSet#1,38,13,244,0,52,112,149,true,31
testBorrowExpression#2,15,5,173,0,67,68,95,true,34
testIssue1025#1,84,24,491,0,98,231,334,true,155
testBorrowExpression#4,28,9,206,0,64,85,132,true,56
testIssue1025#2,43,14,233,0,16,108,153,true,53
testBorrowExpression#7,11,4,133,0,50,54,76,true,20
testClassWithPrivateSet#1,77,13,221,0,30,108,142,true,51
testBorrowExpression#8,12,4,171,0,66,67,94,true,48
testAttributeInPoundIf#1,52,13,379,0,67,184,161,true,67
testKeywordApplyExpression#1,91,38,1026,0,277,443,600,true,266
testCallToOpenThatLooksLikeDeclarationModifier#1,41,14,274,0,39,140,154,true,47
testFalseMultilineDelimiters#1,74,15,457,0,141,197,265,true,24
testReferenceToOpenThatLooksLikeDeclarationModifier#1,36,11,274,0,39,140,151,true,47
testOperatorReference#1,12,6,143,0,46,63,94,true,21
testOpenVarInCodeBlockItemList#1,34,11,274,0,39,140,151,true,47
testBogusCaptureLists#1,314,57,1206,0,433,495,757,true,346
testAsyncLetInLocalContext#1,48,14,289,0,49,140,164,true,55
testMacroExpansionExpression#1,16,6,128,0,42,55,97,true,38
testBorrowingConsumingParameterSpecifiers#1,19,4,53,0,1,29,32,true,4
testMacroExpansionExpression#2,30,8,172,0,46,75,124,true,43
testBorrowingConsumingParameterSpecifiers#2,19,4,53,0,1,29,32,true,4
testMacroExpansionExpression#3,35,8,201,0,77,88,136,true,42
testBorrowingConsumingParameterSpecifiers#4,29,10,151,0,11,74,100,true,27
testPostProcessMultilineStringLiteral#1,29,1,51,0,15,23,30,true,1
testBorrowingConsumingParameterSpecifiers#5,29,10,151,0,11,74,100,true,27
testPostProcessMultilineStringLiteral#2,31,1,51,0,15,23,30,true,1
testBorrowingConsumingParameterSpecifiers#6,52,18,322,0,21,143,210,true,94
testMultiLineStringInInterpolationOfSingleLineStringLiteral#1,26,6,162,0,60,67,99,true,12
testBorrowingConsumingParameterSpecifiers#7,25,9,119,0,7,61,79,true,11
testEmptyLineInMultilineStringLiteral#1,30,1,51,0,15,23,30,true,1
testBorrowingConsumingParameterSpecifiers#8,26,9,119,0,7,61,79,true,11
testEmptyLineInMultilineStringLiteral#2,21,1,51,0,15,23,30,true,1
testBorrowingConsumingParameterSpecifiers#9,36,10,153,0,11,75,100,true,27
testTabsIndentationInMultilineStringLiteral#1,16,3,91,0,29,39,53,true,4
testBorrowingConsumingParameterSpecifiers#10,35,10,153,0,11,75,100,true,27
testMixedIndentationInMultilineStringLiteral#1,18,3,91,0,29,39,53,true,4
testBorrowingConsumingParameterSpecifiers#11,44,16,250,0,15,115,160,true,54
testTrailingCommasInTypeExpressions#1,37,14,334,0,69,133,245,true,140
testBorrowingConsumingParameterSpecifiers#12,65,18,326,0,21,145,210,true,94
testTrailingCommasInTypeExpressions#2,34,14,330,0,70,130,239,true,134
testBorrowingConsumingParameterSpecifiers#13,41,9,117,0,7,60,79,true,11
testTrailingCommasInTypeExpressions#3,43,17,525,0,123,214,306,true,145
testBorrowingConsumingParameterSpecifiers#14,41,9,117,0,7,60,79,true,11
testTrailingCommasInTypeExpressions#4,51,18,631,1,152,242,399,true,284
testBorrowingConsumingParameterSpecifiers#15,40,9,117,0,7,60,79,true,11
testIfExprInCoercion#1,53,20,357,0,108,158,259,true,71
testBorrowingConsumingParameterSpecifiers#16,39,9,117,0,7,60,79,true,11
testSwitchExprInCoercion#1,58,18,411,0,119,186,259,true,44
testBorrowingConsumingParameterSpecifiers#17,47,10,121,0,7,62,84,true,11
testIfExprInReturn#1,53,19,355,0,105,157,254,true,78
testBorrowingConsumingParameterSpecifiers#18,47,10,121,0,7,62,84,true,11
testSwitchExprInReturn#1,75,23,467,0,118,217,289,true,49
testBorrowingConsumingParameterSpecifiers#19,44,10,121,0,7,62,84,true,11
testTryIf1#1,57,21,374,0,108,164,254,true,68
testBorrowingConsumingParameterSpecifiers#20,44,10,121,0,7,62,84,true,11
testTryIf2#1,64,22,416,0,108,181,277,true,85
testBorrowingConsumingParameterSpecifiers#21,71,17,198,0,8,95,120,true,17
testTryIf3#1,76,26,519,0,127,226,336,true,97
testBorrowingConsumingParameterSpecifiers#22,71,17,198,0,8,95,120,true,17
testAwaitIf1#1,65,22,377,0,108,166,259,true,72
testBorrowingConsumingParameterSpecifiers#23,67,17,198,0,8,95,120,true,17
testAwaitIf2#1,72,23,419,0,108,183,282,true,89
testBorrowingConsumingParameterSpecifiers#24,65,17,198,0,8,95,120,true,17
testAwaitIf3#1,84,27,522,0,127,228,341,true,101
testSuppressedImplicitConformance#1,26,7,77,0,4,42,53,true,8
testTrySwitch1#1,55,17,396,0,116,179,237,true,37
testSuppressedImplicitConformance#2,24,8,180,0,23,79,116,true,27
testTrySwitch2#1,86,26,528,0,121,241,312,true,56
testSuppressedImplicitConformance#3,28,7,108,0,8,47,82,true,39
testTrySwitch3#1,98,30,628,0,139,286,365,true,62
testSuppressedImplicitConformance#4,20,9,133,0,12,55,112,true,57
testAwaitSwitch1#1,57,17,393,0,116,178,236,true,36
testSuppressedImplicitConformance#5,17,6,85,0,7,39,55,true,12
testAwaitSwitch2#1,94,27,531,0,121,243,317,true,60
testSuppressedImplicitConformance#6,19,8,133,0,9,58,88,true,32
testAwaitSwitch3#1,106,31,631,0,139,288,370,true,66
testSuppressedImplicitConformance#7,29,10,92,0,6,48,67,true,13
testIfExprCondCast#1,37,15,296,0,106,126,221,true,68
testSuppressedImplicitConformance#8,35,16,157,0,12,80,116,true,19
testIfExprForceCast#1,37,15,296,0,106,126,221,true,68
testSuppressedImplicitConformance#9,44,11,116,0,8,66,88,true,16
testSwitchExprCondCast#1,59,19,411,0,119,186,261,true,44
testSuppressedImplicitConformance#10,28,9,152,0,9,68,94,true,30
testSwitchExprForceCast#1,59,19,411,0,119,186,261,true,44
testInitAccessorsWithDefaultValues#1,113,37,926,0,239,414,635,true,236
testUnsafeExpr#1,31,11,214,0,39,95,128,true,38
testBorrowingGetAccessor#1,54,14,280,0,27,144,158,true,71
testUnsafeExpr#2,33,11,222,0,39,103,123,true,14
testEnumCaseWithGenericParameter#1,42,16,194,0,14,96,144,true,35
testUnsafeExpr#3,28,11,160,0,46,71,118,true,38
testLiteralInitializerWithTrailingClosure#1,24,8,217,0,45,98,145,true,38
testUnsafeExpr#4,27,9,179,0,49,79,113,true,44
testSendingTypeSpecifier#1,57,13,234,0,15,105,146,true,64
testUnsafeExpr#5,27,11,237,0,52,105,130,true,24
testVarDeclTupleElt#1,48,13,199,0,12,94,129,true,47
testUnsafeExpr#7,26,9,173,0,34,80,101,true,8
testVarDeclTuple2#1,56,15,255,0,17,118,166,true,66
testUnsafeExpr#8,30,10,165,0,18,82,102,true,8
testConstAsArgumentLabel#1,29,9,121,0,7,62,79,true,11
testUnsafeExpr#9,70,22,523,0,154,208,285,true,92
testConstAsArgumentLabel#3,33,11,139,0,7,69,99,true,20
testUnsafeExpr#10,44,14,192,0,21,92,103,true,11
testCoroutineAccessors#1,71,17,543,0,144,237,333,true,201
testUnsafeExpr#11,28,10,199,0,62,89,123,true,33
testTrailingCommas#1,76,14,117,0,1,64,100,true,9
testUnsafeExpr#12,23,9,137,0,33,62,90,true,19
testTrailingCommas#2,55,20,218,0,21,102,158,true,34
testUnsafeExpr#13,24,9,170,0,47,73,103,true,37
testUsing#5,17,2,176,0,37,89,66,true,17
testUnsafeExpr#14,23,9,133,0,34,62,87,true,17
testUsing#6,17,2,176,0,37,89,69,true,20
testUnsafeExpr#15,24,9,168,0,48,76,104,true,34
testUsing#7,22,9,117,0,7,60,79,true,11
testUnsafeExpr#16,26,9,167,0,35,77,96,true,7
testUsing#8,22,9,117,0,7,60,79,true,11
testUnsafeExpr#17,10,3,110,0,35,45,53,true,6
testUsing#9,16,4,104,0,16,50,62,true,5
testTriviaEndingInterpolation#1,12,3,105,0,33,45,56,true,4
testUsing#10,48,20,319,0,81,141,193,true,52
testInitCallInPoundIf#1,47,16,402,0,36,227,191,true,75
testAccessorBlockAfterPatternBindingDeclWithAttribute#1,62,20,575,0,160,233,371,true,206
testClosureParameterWithModifier#1,26,11,260,2,53,120,144,true,53
testClosureWithExternalParameterName#1,24,11,223,0,49,104,122,true,33
testClosureWithExternalParameterName#2,24,11,237,0,53,108,127,true,36
testClosureParameterWithAttribute#2,23,10,253,0,66,116,150,true,59
testClosureParameterWithAttribute#3,79,17,476,1,112,205,286,true,128
testClosureWithDollarIdentifier#1,124,35,587,0,204,242,418,true,155
testClosureWithDollarIdentifier#3,74,19,448,0,151,196,293,true,86
testTypedThrowsDisambiguation#1,30,12,207,0,50,84,124,true,45
testTypedThrowsDisambiguation#2,32,13,238,0,54,97,141,true,57
testTypedThrowsDisambiguation#3,30,13,237,0,64,93,161,true,82
testTypedThrowsDisambiguation#4,36,14,238,0,64,93,162,true,82
testTypedThrowsClosureParam#1,33,15,379,0,104,168,220,true,91
testTypedThrowsShorthandClosureParams#1,31,13,256,0,67,111,143,true,35
testArrayExprWithNoCommas#1,7,6,137,0,44,55,77,true,20
testSendableAttributeInClosure#1,27,11,374,0,81,170,196,true,100
testSubscriptDeinitMembers#1,7,2,49,0,16,23,30,true,3
testSubscriptDeinitMembers#2,10,2,49,0,16,23,30,true,3
testSubscriptDeinitMembers#3,8,3,78,0,31,33,54,true,20
testSubscriptDeinitMembers#4,11,3,78,0,31,33,54,true,20
